mnist	lenet5	1	49.997446	0.5	42
mnist	lenet5	1	49.997446	0.5	43
mnist	lenet5	1	49.997446	0.5	44
mnist	lenet5	1	20.305864	0.5	42
mnist	lenet5	1	20.305864	0.5	43
mnist	lenet5	1	20.305864	0.5	44
mnist	lenet5	1	10.547469	0.5	42
mnist	lenet5	1	10.547469	0.5	43
mnist	lenet5	1	10.547469	0.5	44
mnist	lenet5	1	5.574115	0.5	42
mnist	lenet5	1	5.574115	0.5	43
mnist	lenet5	1	5.574115	0.5	44
mnist	lenet5	1	3.027562	0.5	42
mnist	lenet5	1	3.027562	0.5	43
mnist	lenet5	1	3.027562	0.5	44
mnist	lenet5	1	1.741237	0.5	42
mnist	lenet5	1	1.741237	0.5	43
mnist	lenet5	1	1.741237	0.5	44
mnist	lenet5	1	1.109608	0.5	42
mnist	lenet5	1	1.109608	0.5	43
mnist	lenet5	1	1.109608	0.5	44
mnist	lenet5	1	0.795774	0.5	42
mnist	lenet5	1	0.795774	0.5	43
mnist	lenet5	1	0.795774	0.5	44
mnist	lenet5	1	0.617209	0.5	42
mnist	lenet5	1	0.617209	0.5	43
mnist	lenet5	1	0.617209	0.5	44
cifar10	wrn16_4_gn	1	52.260658	1	42
cifar10	wrn16_4_gn	1	52.260658	1	43
cifar10	wrn16_4_gn	1	52.260658	1	44
cifar10	wrn16_4_gn	1	21.248902	1	42
cifar10	wrn16_4_gn	1	21.248902	1	43
cifar10	wrn16_4_gn	1	21.248902	1	44
cifar10	wrn16_4_gn	1	11.043917	1	42
cifar10	wrn16_4_gn	1	11.043917	1	43
cifar10	wrn16_4_gn	1	11.043917	1	44
cifar10	wrn16_4_gn	1	5.837518	1	42
cifar10	wrn16_4_gn	1	5.837518	1	43
cifar10	wrn16_4_gn	1	5.837518	1	44
cifar10	wrn16_4_gn	1	3.167411	1	42
cifar10	wrn16_4_gn	1	3.167411	1	43
cifar10	wrn16_4_gn	1	3.167411	1	44
cifar10	wrn16_4_gn	1	1.814579	1	42
cifar10	wrn16_4_gn	1	1.814579	1	43
cifar10	wrn16_4_gn	1	1.814579	1	44
cifar10	wrn16_4_gn	1	1.147369	1	42
cifar10	wrn16_4_gn	1	1.147369	1	43
cifar10	wrn16_4_gn	1	1.147369	1	44
cifar10	wrn16_4_gn	1	0.815769	1	42
cifar10	wrn16_4_gn	1	0.815769	1	43
cifar10	wrn16_4_gn	1	0.815769	1	44
cifar10	wrn16_4_gn	1	0.628747	1	42
cifar10	wrn16_4_gn	1	0.628747	1	43
cifar10	wrn16_4_gn	1	0.628747	1	44
celeba	resnet18gn	1	52.260658	0.25	42
celeba	resnet18gn	1	52.260658	0.25	43
celeba	resnet18gn	1	52.260658	0.25	44
celeba	resnet18gn	1	21.248902	0.25	42
celeba	resnet18gn	1	21.248902	0.25	43
celeba	resnet18gn	1	21.248902	0.25	44
celeba	resnet18gn	1	11.043917	0.25	42
celeba	resnet18gn	1	11.043917	0.25	43
celeba	resnet18gn	1	11.043917	0.25	44
celeba	resnet18gn	1	5.837518	0.25	42
celeba	resnet18gn	1	5.837518	0.25	43
celeba	resnet18gn	1	5.837518	0.25	44
celeba	resnet18gn	1	3.167411	0.25	42
celeba	resnet18gn	1	3.167411	0.25	43
celeba	resnet18gn	1	3.167411	0.25	44
celeba	resnet18gn	1	1.814579	0.25	42
celeba	resnet18gn	1	1.814579	0.25	43
celeba	resnet18gn	1	1.814579	0.25	44
celeba	resnet18gn	1	1.147369	0.25	42
celeba	resnet18gn	1	1.147369	0.25	43
celeba	resnet18gn	1	1.147369	0.25	44
celeba	resnet18gn	1	0.815769	0.25	42
celeba	resnet18gn	1	0.815769	0.25	43
celeba	resnet18gn	1	0.815769	0.25	44
celeba	resnet18gn	1	0.628747	0.25	42
celeba	resnet18gn	1	0.628747	0.25	43
celeba	resnet18gn	1	0.628747	0.25	44
imagenette	resnet18gn	1	94.487448	0.25	42
imagenette	resnet18gn	1	94.487448	0.25	43
imagenette	resnet18gn	1	94.487448	0.25	44
imagenette	resnet18gn	1	39.175533	0.25	42
imagenette	resnet18gn	1	39.175533	0.25	43
imagenette	resnet18gn	1	39.175533	0.25	44
imagenette	resnet18gn	1	20.594318	0.25	42
imagenette	resnet18gn	1	20.594318	0.25	43
imagenette	resnet18gn	1	20.594318	0.25	44
imagenette	resnet18gn	1	10.968652	0.25	42
imagenette	resnet18gn	1	10.968652	0.25	43
imagenette	resnet18gn	1	10.968652	0.25	44
imagenette	resnet18gn	1	5.940671	0.25	42
imagenette	resnet18gn	1	5.940671	0.25	43
imagenette	resnet18gn	1	5.940671	0.25	44
imagenette	resnet18gn	1	3.313437	0.25	42
imagenette	resnet18gn	1	3.313437	0.25	43
imagenette	resnet18gn	1	3.313437	0.25	44
imagenette	resnet18gn	1	1.948359	0.25	42
imagenette	resnet18gn	1	1.948359	0.25	43
imagenette	resnet18gn	1	1.948359	0.25	44
imagenette	resnet18gn	1	1.241676	0.25	42
imagenette	resnet18gn	1	1.241676	0.25	43
imagenette	resnet18gn	1	1.241676	0.25	44
imagenette	resnet18gn	1	0.862983	0.25	42
imagenette	resnet18gn	1	0.862983	0.25	43
imagenette	resnet18gn	1	0.862983	0.25	44
mnist	lenet5	1	0.496591	0.5	42
mnist	lenet5	1	0.496591	0.5	43
mnist	lenet5	1	0.496591	0.5	44
mnist	lenet5	1	0.405452	0.5	42
mnist	lenet5	1	0.405452	0.5	43
mnist	lenet5	1	0.405452	0.5	44
cifar10	wrn16_4_gn	1	0.503697	1	42
cifar10	wrn16_4_gn	1	0.503697	1	43
cifar10	wrn16_4_gn	1	0.503697	1	44
cifar10	wrn16_4_gn	1	0.409887	1	42
cifar10	wrn16_4_gn	1	0.409887	1	43
cifar10	wrn16_4_gn	1	0.409887	1	44
celeba	resnet18gn	1	0.503697	0.25	42
celeba	resnet18gn	1	0.503697	0.25	43
celeba	resnet18gn	1	0.503697	0.25	44
celeba	resnet18gn	1	0.409887	0.25	42
celeba	resnet18gn	1	0.409887	0.25	43
celeba	resnet18gn	1	0.409887	0.25	44
imagenette	resnet18gn	1	0.638604	0.25	42
imagenette	resnet18gn	1	0.638604	0.25	43
imagenette	resnet18gn	1	0.638604	0.25	44
imagenette	resnet18gn	1	0.489016	0.25	42
imagenette	resnet18gn	1	0.489016	0.25	43
imagenette	resnet18gn	1	0.489016	0.25	44
